wavelength_um,n,k
0.08,1.2095608,0.91175142
0.081,1.2364706,0.91336647
0.082,1.2601208,0.90907031
0.083,1.2834766,0.89965109
0.084,1.2949497,0.88385058
0.085,1.3048543,0.86784959
0.086,1.3090047,0.86078241
0.087,1.3066762,0.86175722
0.088,1.3055446,0.87152701
0.089,1.3056346,0.88902542
0.09,1.3102837,0.90709207
0.091,1.327033,0.92497452
0.092,1.3561295,0.93384338
0.093,1.3944608,0.94271223
0.094,1.4176017,0.9445526
0.095,1.4402352,0.94244914
0.096,1.4586792,0.94296743
0.097,1.4720787,0.94664269
0.098,1.4854781,0.95122441
0.099,1.5101997,0.95663668
0.1,1.5419271,0.95899347
0.101,1.573607,0.95495032
0.102,1.6052083,0.95073044
0.103,1.6368096,0.93898994
0.104,1.6628971,0.92724944
0.105,1.6878759,0.91123281
0.106,1.709432,0.88901365
0.107,1.7250719,0.8667945
0.108,1.7407117,0.84381768
0.109,1.7519841,0.81986741
0.11,1.754617,0.80555454
0.111,1.7572499,0.79613681
0.112,1.7598828,0.78671907
0.113,1.7624037,0.78028696
0.114,1.7648646,0.77808138
0.115,1.7673255,0.77587581
0.116,1.7697864,0.77367024
0.117,1.7808224,0.76994892
0.118,1.7953603,0.760064
0.119,1.8100243,0.75017908
0.12,1.8257848,0.73752559
0.121,1.8415453,0.72275878
0.122,1.8568538,0.70799197
0.123,1.8678838,0.6928755
0.124,1.8789139,0.67745301
0.125,1.8811403,0.66203053
0.126,1.8752648,0.64633309
0.127,1.8691569,0.63061596
0.128,1.8615979,0.63015527
0.129,1.8540388,0.63274089
0.13,1.8470044,0.63909728
0.131,1.8574495,0.64554189
0.132,1.8678945,0.64633154
0.133,1.8793687,0.63871255
0.134,1.8911676,0.62644809
0.135,1.8911837,0.61756746
0.136,1.887303,0.60980595
0.137,1.8821315,0.60640994
0.138,1.8743308,0.61190693
0.139,1.86653,0.62149898
0.14,1.8587293,0.6502715
0.141,1.8726683,0.68845928
0.142,1.8953059,0.71682508
0.143,1.9363466,0.73323769
0.144,1.9810926,0.73553549
0.145,2.0394406,0.73783329
0.146,2.1049337,0.72383577
0.147,2.1575272,0.66646649
0.148,2.1972678,0.59914068
0.149,2.2304074,0.52709024
0.15,2.2396888,0.40832334
0.151,2.2489702,0.26140798
0.152,2.2493389,0.15993038
0.153,2.240446,0.074176614
0.154,2.2315531,0.042088307
0.155,2.2114548,0.01
0.156,2.1893454,0.003
0.157,2.167236,0.001
0.158,2.1508029,0.0003
0.159,2.137486,0.0001
0.16,2.1241692,4e-05
0.161,2.1108523,2e-05
0.162,2.0975355,1.2e-05
0.163,2.0858958,9e-06
0.164,2.0775629,7e-06
0.165,2.06923,6e-06
0.166,2.0608971,5.5e-06
0.167,2.0525643,5.2e-06
0.168,2.0442314,4.900004e-06
0.169,2.03606,4.6781661e-06
0.17,2.0290707,4.5359187e-06
0.171,2.0220815,4.4007723e-06
0.172,2.0150923,4.2772632e-06
0.173,2.0081031,4.1643041e-06
0.174,2.0011138,4.0587474e-06
0.175,1.9941246,3.9498162e-06
0.176,1.9877673,3.8522418e-06
0.177,1.9823197,3.7595375e-06
0.178,1.9768721,3.6654336e-06
0.179,1.9714245,3.5760902e-06
0.18,1.9659769,3.4930212e-06
0.181,1.9605293,3.4262193e-06
0.182,1.9550817,3.3534931e-06
0.183,1.9496342,3.2883952e-06
0.184,1.9441866,3.2387843e-06
0.185,1.9391337,3.1769899e-06
0.186,1.9353913,3.126018e-06
0.187,1.9316489,3.1014485e-06
0.188,1.9279065,3.0764095e-06
0.189,1.924164,3.0520637e-06
0.19,1.9204216,3.0397182e-06
0.191,1.9166792,3.0222808e-06
0.192,1.9129368,2.9941766e-06
0.193,1.9091944,2.9768491e-06
0.194,1.905452,2.9536362e-06
0.195,1.9017096,2.923465e-06
0.196,1.8979671,2.8780204e-06
0.197,1.8942247,2.8281163e-06
0.198,1.8904823,2.7719467e-06
0.199,1.8867399,2.696638e-06
0.2,1.8829975,2.6137057e-06
0.201,1.8792551,2.52149e-06
0.202,1.8759604,2.4137476e-06
0.203,1.8734258,2.2957869e-06
0.204,1.8708911,2.1745371e-06
0.205,1.8683565,2.0501733e-06
0.206,1.8658219,1.9128652e-06
0.207,1.8632873,1.7870308e-06
0.208,1.8607526,1.671759e-06
0.209,1.858218,1.5519419e-06
0.21,1.8556834,1.4283282e-06
0.211,1.8531488,1.3259327e-06
0.212,1.8506142,1.2178962e-06
0.213,1.8480795,1.1177399e-06
0.214,1.8455449,1.0372371e-06
0.215,1.8430103,9.596041e-07
0.216,1.8404757,8.9228147e-07
0.217,1.837941,8.2593477e-07
0.218,1.8354064,7.5819913e-07
0.219,1.8328718,7.1239849e-07
0.22,1.8303372,6.6571944e-07
0.221,1.8278025,6.2341779e-07
0.222,1.8252679,5.7279115e-07
0.223,1.8227333,5.3045068e-07
0.224,1.8201987,5.0309255e-07
0.225,1.817664,4.7643668e-07
0.226,1.8151294,4.4599881e-07
0.227,1.8125948,4.2056763e-07
0.228,1.8103033,3.8777782e-07
0.229,1.8083614,3.5440644e-07
0.23,1.8064194,3.2737709e-07
0.231,1.8044775,3.0608884e-07
0.232,1.8025355,2.8545435e-07
0.233,1.8005936,2.7220501e-07
0.234,1.7986517,2.6257873e-07
0.235,1.7967097,2.2865731e-07
0.236,1.7947678,2.0020163e-07
0.237,1.7928258,1.8490476e-07
0.238,1.7908839,1.8064278e-07
0.239,1.7889419,1.6687881e-07
0.24,1.787,1.4895221e-07
0.241,1.7857333,1.4298935e-07
0.242,1.7844667,1.3690927e-07
0.243,1.7832,1.1816196e-07
0.244,1.7819333,9.8240334e-08
0.245,1.7806667,9.3315463e-08
0.246,1.7794,8.6298924e-08
0.247,1.7781333,7.9973321e-08
0.248,1.7768667,6.6150945e-08
0.249,1.7756,5.5324243e-08
0.25,1.7743333,5.3625624e-08
0.26,1.7619,0.0
0.27,1.7511074,0.0
0.28,1.7420589,0.0
0.29,1.7337196,0.0
0.3,1.7265,0.0
0.31,1.7205,0.0
0.32,1.7151242,0.0
0.33,1.7103727,0.0
0.34,1.7064018,0.0
0.35,1.7034345,0.0
0.36,1.7004673,0.0
0.37,1.6975,0.0
0.38,1.6951667,0.0
0.39,1.6928333,0.0
0.4,1.6905,0.0
0.41,1.6887689,0.0
0.42,1.6870379,0.0
0.43,1.6853068,0.0
0.44,1.683928,0.0
0.45,1.6828567,0.0
0.46,1.6817853,0.0
0.47,1.680714,0.0
0.48,1.6796427,0.0
0.49,1.6785713,0.0
0.5,1.6775,0.0
0.51,1.6767,0.0
0.52,1.6759,0.0
0.53,1.6751,0.0
0.54,1.6743,0.0
0.55,1.6735,0.0
0.56,1.6728995,0.0
0.57,1.672299,0.0
0.58,1.6716984,0.0
0.59,1.6710979,0.0
0.6,1.6704974,0.0
0.61,1.6698969,0.0
0.62,1.6693943,0.0
0.63,1.6690825,0.0
0.64,1.6687707,0.0
0.65,1.6684589,0.0
0.66,1.6681471,0.0
0.67,1.6678353,0.0
0.68,1.6675236,0.0
0.69,1.6672118,0.0
0.7,1.6669,0.0
0.71,1.66671,0.0
0.72,1.66652,0.0
0.73,1.66633,0.0
0.74,1.66614,0.0
0.75,1.66595,0.0
0.76,1.66576,0.0
0.77,1.66557,0.0
0.78,1.66538,0.0
0.79,1.66519,0.0
0.8,1.665,0.0
0.81,1.66483,0.0
0.82,1.66466,0.0
0.83,1.66449,0.0
0.84,1.66432,0.0
0.85,1.66415,0.0
0.86,1.66398,0.0
0.87,1.66381,0.0
0.88,1.66364,0.0
0.89,1.66347,0.0
0.9,1.6633,0.0
0.91,1.66315,0.0
0.92,1.663,0.0
0.93,1.66285,0.0
0.94,1.6627,0.0
0.95,1.66255,0.0
0.96,1.6624,0.0
0.97,1.66225,0.0
0.98,1.6621,0.0
0.99,1.66195,0.0
1.0,1.6618,0.0
1.01,1.66167,0.0
1.02,1.66154,0.0
1.03,1.66141,0.0
1.04,1.66128,0.0
1.05,1.66115,0.0
1.06,1.66102,0.0
1.07,1.66089,0.0
1.08,1.66076,0.0
1.09,1.66063,0.0
1.1,1.6605,0.0
1.11,1.6604249,0.0
1.12,1.6603499,0.0
1.13,1.6602748,0.0
1.14,1.6601997,0.0
1.15,1.6601247,0.0
1.16,1.6600496,0.0
1.17,1.6599745,0.0
1.18,1.6598995,0.0
1.19,1.6598244,0.0
1.2,1.6597493,0.0
1.21,1.6596743,0.0
1.22,1.6595992,0.0
1.23,1.6595242,0.0
1.24,1.6594491,0.0
1.25,1.659374,0.0
1.26,1.6592,0.0
1.27,1.6591,0.0
1.28,1.659,0.0
1.29,1.6589,0.0
1.3,1.6588,0.0
1.31,1.6588,0.0
1.32,1.6587,0.0
1.33,1.6586,0.0
1.34,1.6585,0.0
1.35,1.6584,0.0
1.36,1.6583,0.0
1.37,1.6582,0.0
1.38,1.6581,0.0
1.39,1.6581,0.0
1.4,1.658,0.0
1.41,1.6579,0.0
1.42,1.6578,0.0
1.43,1.6577,0.0
1.44,1.6576,0.0
1.45,1.6575,0.0
1.46,1.6574,0.0
1.47,1.6573,0.0
1.48,1.6572,0.0
1.49,1.6571,0.0
1.5,1.657,0.0
1.51,1.6569,0.0
1.52,1.6568,0.0
1.53,1.6567,0.0
1.54,1.6566,0.0
1.55,1.6565,0.0
1.56,1.6564,0.0
1.57,1.6563,0.0
1.58,1.6562,0.0
1.59,1.6561,0.0
1.6,1.656,0.0
1.61,1.6559,0.0
1.62,1.6558,0.0
1.63,1.6557,0.0
1.64,1.6555,0.0
1.65,1.6554,0.0
1.66,1.6553,0.0
1.67,1.6552,0.0
1.68,1.6551,0.0
1.69,1.655,0.0
1.7,1.6549,0.0
1.71,1.6548,0.0
1.72,1.6547,0.0
1.73,1.6545,0.0
1.74,1.6544,0.0
1.75,1.6543,0.0
1.76,1.6542,0.0
1.77,1.6541,0.0
1.78,1.654,0.0
1.79,1.6538,0.0
1.8,1.6537,0.0
1.81,1.6536,0.0
1.82,1.6535,0.0
1.83,1.6533,0.0
1.84,1.6532,0.0
1.85,1.6531,0.0
1.86,1.653,0.0
1.87,1.6529,0.0
1.88,1.6527,0.0
1.89,1.6526,0.0
1.9,1.6525,0.0
1.91,1.6523,0.0
1.92,1.6522,0.0
1.93,1.6521,0.0
1.94,1.652,0.0
1.95,1.6518,0.0
1.96,1.6517,0.0
1.97,1.6516,0.0
1.98,1.6514,0.0
1.99,1.6513,0.0
2.0,1.6512,0.0
2.01,1.651,0.0
2.02,1.6509,0.0
2.03,1.6508,0.0
2.04,1.6506,0.0
2.05,1.6505,0.0
2.06,1.6503,0.0
2.07,1.6502,0.0
2.08,1.6501,0.0
2.09,1.6499,0.0
2.1,1.6498,0.0
2.11,1.6496,0.0
2.12,1.6495,0.0
2.13,1.6493,0.0
2.14,1.6492,0.0
2.15,1.649,0.0
2.16,1.6489,0.0
2.17,1.6488,0.0
2.18,1.6486,0.0
2.19,1.6485,0.0
2.2,1.6483,0.0
2.21,1.6482,0.0
2.22,1.648,0.0
2.23,1.6479,0.0
2.24,1.6477,0.0
2.25,1.6475,0.0
2.26,1.6474,0.0
2.27,1.6472,0.0
2.28,1.6471,0.0
2.29,1.6469,0.0
2.3,1.6468,0.0
2.31,1.6466,0.0
2.32,1.6464,0.0
2.33,1.6463,0.0
2.34,1.6461,0.0
2.35,1.646,0.0
2.36,1.6458,0.0
2.37,1.6456,0.0
2.38,1.6455,0.0
2.39,1.6453,0.0
2.4,1.6451,0.0
2.41,1.645,0.0
2.42,1.6448,0.0
2.43,1.6446,0.0
2.44,1.6445,0.0
2.45,1.6443,0.0
2.46,1.6441,0.0
2.47,1.644,0.0
2.48,1.6438,0.0
2.49,1.6436,0.0
2.5,1.6434,0.0
2.51,1.6433,0.0
2.52,1.6431,0.0
2.53,1.6429,0.0
2.54,1.6427,0.0
2.55,1.6426,0.0
2.56,1.6424,0.0
2.57,1.6422,0.0
2.58,1.642,0.0
2.59,1.6418,0.0
2.6,1.6417,0.0
2.61,1.6415,0.0
2.62,1.6413,0.0
2.63,1.6411,0.0
2.64,1.6409,0.0
2.65,1.6407,0.0
2.66,1.6406,0.0
2.67,1.6404,0.0
2.68,1.6402,0.0
2.69,1.64,0.0
2.7,1.6398,0.0
2.71,1.6396,0.0
2.72,1.6394,0.0
2.73,1.6392,0.0
2.74,1.639,0.0
2.75,1.6388,0.0
2.76,1.6386,0.0
2.77,1.6384,0.0
2.78,1.6382,0.0
2.79,1.638,0.0
2.8,1.6378,0.0
2.81,1.6376,0.0
2.82,1.6374,0.0
2.83,1.6372,0.0
2.84,1.637,0.0
2.85,1.6368,0.0
2.86,1.6366,0.0
2.87,1.6364,0.0
2.88,1.6362,0.0
2.89,1.636,0.0
2.9,1.6358,0.0
2.91,1.6356,0.0
2.92,1.6354,0.0
2.93,1.6352,0.0
2.94,1.635,0.0
2.95,1.6348,0.0
2.96,1.6345,0.0
2.97,1.6343,0.0
2.98,1.6341,0.0
2.99,1.6339,0.0
3.0,1.6337,0.0
3.01,1.6335,0.0
3.02,1.6332,0.0
3.03,1.633,0.0
3.04,1.6328,0.0
3.05,1.6326,0.0
3.06,1.6324,0.0
3.07,1.6321,0.0
3.08,1.6319,0.0
3.09,1.6317,0.0
3.1,1.6315,0.0
3.11,1.6312,0.0
3.12,1.631,0.0
3.13,1.6308,0.0
3.14,1.6306,1.0091806e-07
3.15,1.6303,1.8264259e-07
3.16,1.6301,1.9425808e-07
3.17,1.6299,2.4439547e-07
3.18,1.6296,3.6578356e-07
3.19,1.6294,4.0381864e-07
3.2,1.6292,5.739059e-07
3.21,1.6289,7.1386181e-07
3.22,1.6287,9.0222613e-07
3.23,1.6284,1.2164923e-06
3.24,1.6282,1.4948571e-06
3.25,1.628,2.0057433e-06
3.26,1.6277,2.6015147e-06
3.27,1.6275,3.3375417e-06
3.28,1.6272,4.4224782e-06
3.29,1.627,5.6821818e-06
3.3,1.6268,7.4311534e-06
3.31,1.6265,9.497322e-06
3.32,1.6263,1.126354e-05
3.33,1.626,1.2961873e-05
3.34,1.6258,1.4219586e-05
3.35,1.6255,1.4459039e-05
3.36,1.6253,1.3754878e-05
3.37,1.625,1.2647993e-05
3.38,1.6248,1.1768765e-05
3.39,1.6245,1.1157308e-05
3.4,1.6242,1.062269e-05
3.41,1.624,1.0430739e-05
3.42,1.6237,1.0476515e-05
3.43,1.6235,1.0687433e-05
3.44,1.6232,1.1239173e-05
3.45,1.623,1.1718201e-05
3.46,1.6227,1.181558e-05
3.47,1.6224,1.1787493e-05
3.48,1.6222,1.1603226e-05
3.49,1.6219,1.1437893e-05
3.5,1.6216,1.1605559e-05
3.51,1.6214,1.1903401e-05
3.52,1.6211,1.215675e-05
3.53,1.6208,1.2231163e-05
3.54,1.6206,1.1948342e-05
3.55,1.6203,1.1465455e-05
3.56,1.62,1.0963502e-05
3.57,1.6198,1.0376678e-05
3.58,1.6195,9.8861803e-06
3.59,1.6192,9.5110806e-06
3.6,1.6189,9.0942495e-06
3.61,1.6187,8.804035e-06
3.62,1.6184,8.6431732e-06
3.63,1.6181,8.4729303e-06
3.64,1.6178,8.4310282e-06
3.65,1.6175,8.6602075e-06
3.66,1.6173,9.1225406e-06
3.67,1.617,9.9688795e-06
3.68,1.6167,1.1180673e-05
3.69,1.6164,1.2478917e-05
3.7,1.6161,1.3813668e-05
3.71,1.6158,1.5152497e-05
3.72,1.6155,1.6247733e-05
3.73,1.6153,1.718247e-05
3.74,1.615,1.7952676e-05
3.75,1.6147,1.8525565e-05
3.76,1.6144,1.9014098e-05
3.77,1.6141,1.9378404e-05
3.78,1.6138,1.9324149e-05
3.79,1.6135,1.8861934e-05
3.8,1.6132,1.8371957e-05
3.81,1.6129,1.7942391e-05
3.82,1.6126,1.7597573e-05
3.83,1.6123,1.7486877e-05
3.84,1.612,1.7584401e-05
3.85,1.6117,1.7823596e-05
3.86,1.6114,1.8207196e-05
3.87,1.6111,1.8525429e-05
3.88,1.6108,1.8498991e-05
3.89,1.6105,1.8326832e-05
3.9,1.6102,1.7870622e-05
3.91,1.6099,1.68849e-05
3.92,1.6095,1.5911097e-05
3.93,1.6092,1.5536664e-05
3.94,1.6089,1.5728728e-05
3.95,1.6086,1.6223511e-05
3.96,1.6083,1.6996107e-05
3.97,1.608,1.8365365e-05
3.98,1.6077,2.0772109e-05
3.99,1.6073,2.4285135e-05
4.0,1.607,2.6916523e-05
4.01,1.6067,2.5287876e-05
4.02,1.6064,2.0888603e-05
4.03,1.606,1.7201574e-05
4.04,1.6057,1.4852771e-05
4.05,1.6054,1.3417612e-05
4.06,1.6051,1.267884e-05
4.07,1.6047,1.2293696e-05
4.08,1.6044,1.2013299e-05
4.09,1.6041,1.1883e-05
4.1,1.6037,1.1882428e-05
4.11,1.6034,1.1883381e-05
4.12,1.6031,1.1924502e-05
4.13,1.6027,1.2110409e-05
4.14,1.6024,1.2302491e-05
4.15,1.6021,1.2483883e-05
4.16,1.6017,1.2788044e-05
4.17,1.6014,1.3148606e-05
4.18,1.601,1.3442511e-05
4.19,1.6007,1.3774147e-05
4.2,1.6003,1.418124e-05
4.21,1.6,1.4559911e-05
4.22,1.5996,1.4924322e-05
4.23,1.5993,1.5376129e-05
4.24,1.5989,1.588389e-05
4.25,1.5986,1.6374104e-05
4.26,1.5982,1.694398e-05
4.27,1.5979,1.7611817e-05
4.28,1.5975,1.8266881e-05
4.29,1.5972,1.8938578e-05
4.3,1.5968,1.9696517e-05
4.31,1.5964,2.0486403e-05
4.32,1.5961,2.1264674e-05
4.33,1.5957,2.2120679e-05
4.34,1.5954,2.3086502e-05
4.35,1.595,2.4063755e-05
4.36,1.5946,2.5053639e-05
4.37,1.5943,2.6063447e-05
4.38,1.5939,2.6961194e-05
4.39,1.5935,2.7651659e-05
4.4,1.5931,2.82358e-05
4.41,1.5928,2.8804613e-05
4.42,1.5924,2.9359532e-05
4.43,1.592,3.0003445e-05
4.44,1.5916,3.0789326e-05
4.45,1.5913,3.1610696e-05
4.46,1.5909,3.2509335e-05
4.47,1.5905,3.3627887e-05
4.48,1.5901,3.4889094e-05
4.49,1.5897,3.6212964e-05
4.5,1.5893,3.7668456e-05
4.51,1.589,3.9311306e-05
4.52,1.5886,4.11189e-05
4.53,1.5882,4.3054231e-05
4.54,1.5878,4.5191805e-05
4.55,1.5874,4.7349061e-05
4.56,1.587,4.9288587e-05
4.57,1.5866,5.1092148e-05
4.58,1.5862,5.2767364e-05
4.59,1.5858,5.4312173e-05
4.6,1.5854,5.5899023e-05
4.61,1.585,5.7599888e-05
4.62,1.5846,5.9273532e-05
4.63,1.5842,6.0946601e-05
4.64,1.5838,6.2748237e-05
4.65,1.5834,6.4679696e-05
4.66,1.583,6.6838214e-05
4.67,1.5825,6.9321797e-05
4.68,1.5821,7.2128568e-05
4.69,1.5817,7.5344672e-05
4.7,1.5813,7.9244875e-05
4.71,1.5809,8.3873008e-05
4.72,1.5805,8.9340838e-05
4.73,1.58,9.5898308e-05
4.74,1.5796,0.00010385234
4.75,1.5792,0.00011368227
4.76,1.5788,0.00012610351
4.77,1.5783,0.00014171903
4.78,1.5779,0.00016
4.79,1.5775,0.000185
4.8,1.577,0.00025
4.81,1.5766,0.00033
4.82,1.5762,0.00043
4.83,1.5757,0.00055
4.84,1.5753,0.0007
4.85,1.5748,0.00085
4.86,1.5744,0.001
4.87,1.574,0.00118
4.88,1.5735,0.00138
4.89,1.5731,0.0015454669
4.9,1.5726,0.0016418259
4.91,1.5722,0.0017108513
4.92,1.5717,0.0017556389
4.93,1.5713,0.0017903027
4.94,1.5708,0.0018105041
4.95,1.5703,0.0018255158
4.96,1.5699,0.001826057
4.97,1.5694,0.0018048335
4.98,1.5689,0.0018009105
4.99,1.5685,0.0017976436
5.0,1.568,0.0018025579
5.01,1.5675,0.0018040679
5.02,1.5671,0.0018251904
5.03,1.5666,0.0018199869
5.04,1.5661,0.0018453228
5.05,1.5657,0.0018796299
5.06,1.5652,0.0018997115
5.07,1.5647,0.0018955886
5.08,1.5642,0.001916402
5.09,1.5637,0.0019328253
5.1,1.5632,0.0019078958
5.11,1.5628,0.0019083314
5.12,1.5623,0.0019291468
5.13,1.5618,0.0019449437
5.14,1.5613,0.0019657582
5.15,1.5608,0.0019976808
5.16,1.5603,0.0020403298
5.17,1.5598,0.0020819061
5.18,1.5593,0.0021362832
5.19,1.5588,0.0021816473
5.2,1.5583,0.0022410201
5.21,1.5578,0.0022960659
5.22,1.5573,0.0023115669
5.23,1.5567,0.0023474966
5.24,1.5562,0.0023426238
5.25,1.5557,0.0024065956
5.26,1.5552,0.0023582545
5.27,1.5547,0.0023669531
5.28,1.5542,0.002364136
5.29,1.5536,0.0024627104
5.3,1.5531,0.0024602856
5.31,1.5526,0.002439303
5.32,1.5521,0.0025670643
5.33,1.5515,0.0027228895
5.34,1.551,0.0027681144
5.35,1.5505,0.0028210965
5.36,1.5499,0.0029240646
5.37,1.5494,0.0030243309
5.38,1.5488,0.0030782404
5.39,1.5483,0.0029719495
5.4,1.5477,0.002947663
5.41,1.5472,0.0029348635
5.42,1.5466,0.0027672532
5.43,1.5461,0.0027553694
5.44,1.5455,0.0027488089
5.45,1.545,0.0026225645
5.46,1.5444,0.0026186833
5.47,1.5439,0.0026567862
5.48,1.5433,0.0026663665
5.49,1.5427,0.0026455605
5.5,1.5421,0.0027685972
5.51,1.5416,0.0027775932
5.52,1.541,0.0028288655
5.53,1.5404,0.0028764451
5.54,1.5398,0.0028495718
5.55,1.5393,0.0028883035
5.56,1.5387,0.0029068902
5.57,1.5381,0.0029277143
5.58,1.5375,0.0029077058
5.59,1.5369,0.0029058432
5.6,1.5363,0.0028425847
5.61,1.5357,0.0028233698
5.62,1.5351,0.0028537948
5.63,1.5345,0.0028332435
5.64,1.5339,0.0027957219
5.65,1.5333,0.0027687614
5.66,1.5327,0.0027403391
5.67,1.5321,0.0027261658
5.68,1.5315,0.0026909169
5.69,1.5309,0.0027338346
5.7,1.5303,0.002701011
5.71,1.5296,0.0026838983
5.72,1.529,0.0026701946
5.73,1.5284,0.0026620668
5.74,1.5278,0.0026385642
5.75,1.5271,0.002637108
5.76,1.5265,0.0025913603
5.77,1.5259,0.0025750427
5.78,1.5252,0.0025317452
5.79,1.5246,0.002500528
5.8,1.5239,0.0024616271
5.81,1.5233,0.0024436828
5.82,1.5226,0.0024001783
5.83,1.522,0.0022509031
5.84,1.5213,0.0022036297
5.85,1.5207,0.0021790865
5.86,1.52,0.0021920616
5.87,1.5193,0.0022091282
5.88,1.5187,0.0022072361
5.89,1.518,0.0022103017
5.9,1.5173,0.0023382246
5.91,1.5166,0.0024295873
5.92,1.516,0.0025594775
5.93,1.5153,0.0026786164
5.94,1.5146,0.0028223024
5.95,1.5139,0.002890766
5.96,1.5132,0.0029133237
5.97,1.5125,0.002934418
5.98,1.5118,0.0028913596
5.99,1.5111,0.0028167292
6.0,1.5104,0.0026977585
6.01,1.5097,0.0025115987
6.02,1.509,0.002339742
6.03,1.5083,0.0021161689
6.04,1.5076,0.0019842752
6.05,1.5069,0.001843191
6.06,1.5061,0.0017414753
6.07,1.5054,0.0016662524
6.08,1.5047,0.0016120854
6.09,1.5039,0.0015747085
6.1,1.5032,0.0015517076
6.11,1.5025,0.0015400468
6.12,1.5017,0.0015336844
6.13,1.501,0.0015399918
6.14,1.5002,0.0015490723
6.15,1.4995,0.0015660498
6.16,1.4987,0.0015839284
6.17,1.498,0.0016082162
6.18,1.4972,0.001638425
6.19,1.4964,0.0016753702
6.2,1.4957,0.001718975
6.21,1.4949,0.0017630267
6.22,1.4941,0.0018046005
6.23,1.4933,0.0018454197
6.24,1.4926,0.00188131
6.25,1.4918,0.0019153938
6.26,1.491,0.0019519082
6.27,1.4902,0.0019607955
6.28,1.4894,0.0019377172
6.29,1.4886,0.0019283643
6.3,1.4878,0.0019484212
6.31,1.487,0.0019290291
6.32,1.4861,0.0019095924
6.33,1.4853,0.0018747781
6.34,1.4845,0.0018332706
6.35,1.4837,0.0018101138
6.36,1.4828,0.0018066767
6.37,1.482,0.0017973386
6.38,1.4812,0.0017425215
6.39,1.4803,0.0017236798
6.4,1.4795,0.0017042033
6.41,1.4786,0.0016927773
6.42,1.4778,0.0016797474
6.43,1.4769,0.0016641567
6.44,1.4761,0.0016503299
6.45,1.4752,0.0016359222
6.46,1.4743,0.0016215585
6.47,1.4734,0.0016128394
6.48,1.4726,0.0016103215
6.49,1.4717,0.0016077565
6.5,1.4708,0.0016048871
6.51,1.4699,0.0016031968
6.52,1.469,0.0016037467
6.53,1.4681,0.0016069495
6.54,1.4672,0.0016116731
6.55,1.4663,0.0016155615
6.56,1.4654,0.0016158907
6.57,1.4644,0.0016156221
6.58,1.4635,0.001621516
6.59,1.4626,0.0016327458
6.6,1.4616,0.0016444278
6.61,1.4607,0.0016534751
6.62,1.4598,0.0016621381
6.63,1.4588,0.001676547
6.64,1.4578,0.00169706
6.65,1.4569,0.0017171063
6.66,1.4559,0.0017409382
6.67,1.455,0.0017611794
6.68,1.454,0.0017838522
6.69,1.453,0.0018094304
6.7,1.452,0.0018374778
6.71,1.451,0.0018676472
6.72,1.45,0.0019051167
6.73,1.449,0.0019439422
6.74,1.448,0.0019859049
6.75,1.447,0.0020208952
6.76,1.446,0.0020575382
6.77,1.445,0.0020942035
6.78,1.4439,0.0021273963
6.79,1.4429,0.0021671528
6.8,1.4419,0.0021994666
6.81,1.4408,0.0022132312
6.82,1.4398,0.0022089959
6.83,1.4387,0.0022620218
6.84,1.4376,0.0023145794
6.85,1.4366,0.0023185048
6.86,1.4355,0.0023225358
6.87,1.4344,0.0023349148
6.88,1.4333,0.0023455836
6.89,1.4322,0.0023473426
6.9,1.4311,0.0023520502
6.91,1.43,0.0023658549
6.92,1.4289,0.0023798791
6.93,1.4278,0.0023938833
6.94,1.4267,0.0024081048
6.95,1.4256,0.002422398
6.96,1.4244,0.0024370192
6.97,1.4233,0.0024517028
6.98,1.4221,0.0024664239
6.99,1.421,0.0024814438
7.0,1.4198,0.00249654
7.01,1.4186,0.0025117983
7.02,1.4175,0.0025272309
7.03,1.4163,0.0025428704
7.04,1.4151,0.0025585514
7.05,1.4139,0.002574519
7.06,1.4127,0.0025906228
7.07,1.4115,0.0026069647
7.08,1.4102,0.0026233297
7.09,1.409,0.0026399302
7.1,1.4078,0.0026567529
7.11,1.4065,0.0026737002
7.12,1.4053,0.0026908955
7.13,1.404,0.0027081605
7.14,1.4028,0.0027256754
7.15,1.4015,0.0027433697
7.16,1.4002,0.002761414
7.17,1.3989,0.0027793986
7.18,1.3976,0.0027977371
7.19,1.3963,0.0028162649
7.2,1.395,0.0028350715
7.21,1.3937,0.0028539926
7.22,1.3924,0.0028731032
7.23,1.391,0.0028924232
7.24,1.3897,0.0029120738
7.25,1.3883,0.002931907
7.26,1.3869,0.0029518251
7.27,1.3856,0.0029722103
7.28,1.3842,0.0029926533
7.29,1.3828,0.0030134258
7.3,1.3814,0.0030341937
7.31,1.38,0.0030555947
7.32,1.3786,0.0030770653
7.33,1.3771,0.0030986187
7.34,1.3757,0.003120623
7.35,1.3743,0.0031428809
7.36,1.3728,0.0031652287
7.37,1.3713,0.0031880407
7.38,1.3699,0.0032109674
7.39,1.3684,0.0032343599
7.4,1.3669,0.0032580245
7.41,1.3654,0.0032818159
7.42,1.3638,0.0033059414
7.43,1.3623,0.0033304536
7.44,1.3608,0.0033550548
7.45,1.3592,0.0033800982
7.46,1.3577,0.0034055733
7.47,1.3561,0.0034311949
7.48,1.3545,0.0034572546
7.49,1.3529,0.0034836108
7.5,1.3513,0.0035101043
7.51,1.3497,0.0035372331
7.52,1.3481,0.0035644765
7.53,1.3464,0.0035922452
7.54,1.3448,0.0036201551
7.55,1.3431,0.0036485124
7.56,1.3414,0.003677324
7.57,1.3397,0.0037064897
7.58,1.338,0.003735936
7.59,1.3363,0.0037658261
7.6,1.3346,0.0037960959
7.61,1.3328,0.0038266587
7.62,1.3311,0.0038578703
7.63,1.3293,0.0038894135
7.64,1.3275,0.0039213759
7.65,1.3257,0.0039537112
7.66,1.3239,0.0039866118
7.67,1.3221,0.0040198048
7.68,1.3203,0.0040535145
7.69,1.3184,0.004087665
7.7,1.3166,0.00412236
7.71,1.3147,0.0041573697
7.72,1.3128,0.0041930997
7.73,1.3109,0.0042290457
7.74,1.3089,0.0042659284
7.75,1.307,0.0043030482
7.76,1.305,0.0043404281
7.77,1.3031,0.0043788149
7.78,1.3011,0.0044175804
7.79,1.2991,0.004456728
7.8,1.297,0.0044967923
7.81,1.295,0.0045371849
7.82,1.2929,0.0045782959
7.83,1.2909,0.0046197616
7.84,1.2888,0.0046622814
7.85,1.2866,0.0047050295
7.86,1.2845,0.004748731
7.87,1.2824,0.0047929542
7.88,1.2802,0.0048378397
7.89,1.278,0.0048833005
7.9,1.2758,0.0049296579
7.91,1.2736,0.0049766443
7.92,1.2713,0.0050242285
7.93,1.2691,0.005072881
7.94,1.2668,0.0051220719
7.95,1.2645,0.0051721729
7.96,1.2622,0.0052228395
7.97,1.2598,0.0052745169
7.98,1.2574,0.0053270772
7.99,1.255,0.0053801819
8.0,1.2526,0.0054342225
8.01,1.2502,0.0054894408
8.02,1.2477,0.005545504
8.03,1.2452,0.0056022046
8.04,1.2427,0.0056598582
8.05,1.2402,0.0057188221
8.06,1.2376,0.005778624
8.07,1.235,0.005839506
8.08,1.2324,0.0059013156
8.09,1.2298,0.0059641593
8.1,1.2271,0.0060280692
8.11,1.2244,0.0060931761
8.12,1.2217,0.0061593218
8.13,1.219,0.006226717
8.14,1.2162,0.0062955802
8.15,1.2134,0.0063649717
8.16,1.2106,0.0064363714
8.17,1.2077,0.0065090929
8.18,1.2048,0.0065826832
8.19,1.2019,0.0066576656
8.2,1.199,0.0067344347
8.21,1.196,0.0068118383
8.22,1.193,0.0068914585
8.23,1.1899,0.0069718754
8.24,1.1868,0.0070549956
8.25,1.1837,0.0071389125
8.26,1.1805,0.0072245019
8.27,1.1774,0.0073115585
8.28,1.1741,0.0074009598
8.29,1.1709,0.0074913142
8.3,1.1676,0.007583737
8.31,1.1642,0.0076783967
8.32,1.1608,0.007774515
8.33,1.1574,0.0078733545
8.34,1.154,0.007973317
8.35,1.1505,0.0080764494
8.36,1.1469,0.0081806648
8.37,1.1433,0.0082874863
8.38,1.1397,0.0083968312
8.39,1.136,0.0085075049
8.4,1.1323,0.0086216734
8.41,1.1285,0.0087383796
8.42,1.1247,0.0088571065
8.43,1.1208,0.0089785745
8.44,1.1169,0.0091031418
8.45,1.1129,0.0092301457
8.46,1.1089,0.0093603134
8.47,1.1048,0.0094928244
8.48,1.1007,0.0096285467
8.49,1.0965,0.0097677365
8.5,1.0922,0.0099107578
8.51,1.0879,0.010057252
8.52,1.0836,0.010206519
8.53,1.0791,0.010360111
8.54,1.0746,0.010516561
8.55,1.0701,0.010677698
8.56,1.0654,0.010843369
8.57,1.0608,0.011010883
8.58,1.056,0.011185368
8.59,1.0511,0.011362631
8.6,1.0462,0.011544615
8.61,1.0412,0.011732602
8.62,1.0362,0.01192581
8.63,1.031,0.012123832
8.64,1.0258,0.01232721
8.65,1.0205,0.012536179
8.66,1.0151,0.012750791
8.67,1.0096,0.012972275
8.68,1.004,0.013198317
8.69,0.99833,0.01343332
8.7,0.99255,0.013674243
8.71,0.98668,0.013922288
8.72,0.9807,0.014178515
8.73,0.97461,0.014442904
8.74,0.96841,0.014713222
8.75,0.9621,0.014995386
8.76,0.95567,0.01528507
8.77,0.94912,0.015584624
8.78,0.94245,0.015894061
8.79,0.93564,0.016213686
8.8,0.9287,0.016543092
8.81,0.92163,0.016884211
8.82,0.9144,0.017240692
8.83,0.90703,0.017607216
8.84,0.8995,0.017987821
8.85,0.89182,0.018379059
8.86,0.88396,0.018791866
8.87,0.87594,0.019218285
8.88,0.86773,0.019658781
8.89,0.85933,0.02011794
8.9,0.85074,0.020598407
8.91,0.84194,0.02109609
8.92,0.83293,0.021617621
8.93,0.8237,0.022159224
8.94,0.81423,0.022729488
8.95,0.80452,0.023322866
8.96,0.79455,0.0239428
8.97,0.78431,0.024597026
8.98,0.77379,0.025281446
8.99,0.76296,0.026002478
9.0,0.75183,0.02675702
9.01,0.74036,0.027556715
9.02,0.72853,0.028400579
9.03,0.71633,0.029291701
9.04,0.70373,0.030234419
9.05,0.69071,0.031231742
9.06,0.67723,0.032301609
9.07,0.66326,0.033443382
9.08,0.64877,0.034655646
9.09,0.63371,0.035960384
9.1,0.61804,0.037359962
9.11,0.6017,0.038878056
9.12,0.58463,0.040522445
9.13,0.56676,0.042311405
9.14,0.54799,0.044248832
9.15,0.52823,0.046407954
9.16,0.50735,0.048787475
9.17,0.4852,0.051437609
9.18,0.46159,0.054411819
9.19,0.43626,0.057749628
9.2,0.4089,0.061612325
9.21,0.37905,0.066117734
9.22,0.34606,0.071438091
9.23,0.30894,0.077837394
9.24,0.26602,0.085709102
9.25,0.21416,0.095557139
9.26,0.1465,0.10861058
9.27,0.069416,0.12681196
9.28,0.042818,0.18726295
9.29,0.034532,0.24857554
9.3,0.030639,0.29945916
9.31,0.028473,0.34354577
9.32,0.027183,0.38327924
9.33,0.026409,0.4198673
9.34,0.025968,0.45431204
9.35,0.025758,0.48707689
9.36,0.025715,0.51830083
9.37,0.025798,0.54827131
9.38,0.025979,0.57734929
9.39,0.026237,0.60566397
9.4,0.026558,0.63331967
9.41,0.02693,0.66037781
9.42,0.027345,0.68678907
9.43,0.027795,0.7128537
9.44,0.028276,0.73862002
9.45,0.028782,0.76414734
9.46,0.02931,0.78948107
9.47,0.029858,0.814406
9.48,0.030423,0.83918624
9.49,0.031005,0.86390082
9.5,0.0316,0.88857873
9.51,0.032209,0.91323909
9.52,0.032831,0.93777377
9.53,0.033465,0.96222544
9.54,0.034113,0.9867448
9.55,0.034773,1.0113888
9.56,0.035447,1.036108
9.57,0.036134,1.0607059
9.58,0.036837,1.0857363
9.59,0.037557,1.1106776
9.6,0.038293,1.1358537
9.61,0.039049,1.1611575
9.62,0.039826,1.1866527
9.63,0.040625,1.2123801
9.64,0.041449,1.2383415
9.65,0.0423,1.2646168
9.66,0.043181,1.2912028
9.67,0.044094,1.3178985
9.68,0.045043,1.3452319
9.69,0.046031,1.3727816
9.7,0.047062,1.4006912
9.71,0.04814,1.4291113
9.72,0.04927,1.4577881
9.73,0.050457,1.4871767
9.74,0.051708,1.5168641
9.75,0.05303,1.5472178
9.76,0.054429,1.5781368
9.77,0.055915,1.6096364
9.78,0.057497,1.6418168
9.79,0.059184,1.6747595
9.8,0.060989,1.7083595
9.81,0.062922,1.7428262
9.82,0.064996,1.7779878
9.83,0.067225,1.8141658
9.84,0.069622,1.8512734
9.85,0.072204,1.8893663
9.86,0.074985,1.9286818
9.87,0.077983,1.9688514
9.88,0.081217,2.0107004
9.89,0.084708,2.0536362
9.9,0.088478,2.0980443
9.91,0.092553,2.1441056
9.92,0.096963,2.1920199
9.93,0.10174,2.2414289
9.94,0.10693,2.2928431
9.95,0.11257,2.347018
9.96,0.11872,2.4026897
9.97,0.12544,2.4615149
9.98,0.13282,2.5233038
9.99,0.14094,2.5878038
10.0,0.14992,2.6558039
10.01,0.15985,2.7278039
10.02,0.17101,2.8042039
10.03,0.18358,2.885604
10.04,0.19781,2.972504
10.05,0.21406,3.065804
10.06,0.23276,3.1663041
10.07,0.25447,3.2751041
10.081,0.27993,3.3936041
10.091,0.31012,3.5233042
10.101,0.34641,3.6664042
10.111,0.39064,3.8253043
10.121,0.44551,4.0032043
10.132,0.51491,4.2045043
10.142,0.60478,4.4345044
10.152,0.72439,4.7002044
10.163,0.88894,5.0104045
10.173,1.1244,5.3754045
10.183,1.477,5.8029045
10.194,2.0308,6.2830046
10.204,2.9279,6.7321046
10.215,4.3023,6.8431047
10.225,5.8454,6.0563047
10.235,6.616,4.4845047
10.246,6.4639,3.0724048
10.256,5.9529,2.1535048
10.267,5.4017,1.5942049
10.277,4.8958,1.2484049
10.288,4.4422,1.030205
10.299,4.0282,0.89412501
10.309,3.6371,0.81793505
10.32,3.2508,0.7942651
10.331,2.8492,0.83011514
10.341,2.4117,0.95532519
10.352,1.9386,1.2443052
10.363,1.5352,1.7917053
10.373,1.3683,2.5395053
10.384,1.4644,3.3953054
10.395,1.8938,4.3853054
10.406,3.0055,5.4824055
10.417,5.4209,5.7544055
10.428,7.1186,3.5795056
10.438,6.6817,1.8034056
10.449,5.9925,1.0310057
10.46,5.4603,0.66905572
10.471,5.0639,0.47387578
10.482,4.7599,0.35630583
10.493,4.5186,0.27939588
10.504,4.3214,0.22584593
10.515,4.1561,0.18670598
10.526,4.015,0.15699604
10.537,3.8923,0.13373609
10.549,3.7844,0.11507615
10.56,3.6883,0.099797205
10.571,3.602,0.08708526
10.582,3.5238,0.076367315
10.593,3.4524,0.067233371
10.604,3.3869,0.059385427
10.616,3.3264,0.052596488
10.627,3.2704,0.046695545
10.638,3.2182,0.041546602
10.65,3.1695,0.037044664
10.661,3.1237,0.033101722
10.672,3.0808,0.02964578
10.684,3.0402,0.026616844
10.695,3.0019,0.023961903
10.707,2.9656,0.021637968
10.718,2.9312,0.019604028
10.73,2.8984,0.017825093
10.741,2.8672,0.016270154
10.753,2.8373,0.01491022
10.764,2.8088,0.013720282
10.776,2.7816,0.012679349
10.787,2.7554,0.011765411
10.799,2.7303,0.01096148
10.811,2.7062,0.010253548
10.823,2.683,0.0096263174
10.834,2.6606,0.0090693812
10.846,2.6391,0.0085725513
10.858,2.6183,0.0081276218
10.87,2.5982,0.0077274928
10.881,2.5788,0.0073663583
10.893,2.56,0.0070392302
10.905,2.5418,0.0067419026
10.917,2.5242,0.0064708755
10.929,2.507,0.0062230488
10.941,2.4904,0.0059960227
10.953,2.4743,0.005787397
10.965,2.4587,0.0055952718
10.977,2.4434,0.0054178471
10.989,2.4286,0.0052537229
11.001,2.4142,0.0051013992
11.013,2.4001,0.0049596759
11.025,2.3864,0.0048275532
11.038,2.3731,0.0047041375
11.05,2.36,0.0045883158
11.062,2.3473,0.0044795946
11.074,2.3349,0.0043772739
11.086,2.3227,0.0042806537
11.099,2.3108,0.0041892407
11.111,2.2992,0.0041027216
11.123,2.2879,0.004020603
11.136,2.2767,0.0039424917
11.148,2.2658,0.0038681742
11.161,2.2552,0.0037974641
11.173,2.2447,0.0037300476
11.186,2.2344,0.0036656387
11.198,2.2243,0.0036042233
11.211,2.2145,0.0035456155
11.223,2.2047,0.0034897012
11.236,2.1952,0.0034363946
11.249,2.1858,0.0033855887
11.261,2.1766,0.003337176
11.274,2.1676,0.0032910713
11.287,2.1586,0.0032472671
11.299,2.1499,0.0032057562
11.312,2.1412,0.0031665532
11.325,2.1327,0.003129551
11.338,2.1243,0.0030947493
11.351,2.116,0.0030622483
11.364,2.1078,0.0030320479
11.377,2.0998,0.0030040481
11.39,2.0918,0.002978549
11.403,2.0839,0.0029554506
11.416,2.0761,0.0029349528
11.429,2.0684,0.0029170556
11.442,2.0608,0.0029019591
11.455,2.0532,0.0028899632
11.468,2.0458,0.002881168
11.481,2.0383,0.0028758735
11.494,2.0309,0.0028744796
11.507,2.0236,0.0028771864
11.521,2.0163,0.0028847021
11.534,2.009,0.0028975103
11.547,2.0017,0.0029163191
11.561,1.9945,0.002942037
11.574,1.9872,0.0029757472
11.587,1.9799,0.0030188581
11.601,1.9726,0.0030730783
11.614,1.9652,0.0031405906
11.628,1.9577,0.0032241123
11.641,1.9501,0.003327326
11.655,1.9424,0.0034551492
11.669,1.9345,0.0036138732
11.682,1.9263,0.0038123891
11.696,1.9178,0.0040628147
11.71,1.909,0.004382541
11.723,1.8996,0.0047970591
11.737,1.8895,0.005344487
11.751,1.8784,0.0060847157
11.765,1.8661,0.0071158453
11.779,1.852,0.0086067756
11.792,1.8351,0.010869897
11.806,1.814,0.014533029
11.82,1.7859,0.021020162
11.834,1.7451,0.034114296
11.848,1.678,0.06667243
11.862,1.6478,0.21672557
11.876,1.8772,0.1582757
11.891,2.0635,0.31840585
11.905,2.1541,0.10577599
11.919,2.0632,0.046868125
11.933,2.0117,0.026583264
11.947,1.9784,0.017403404
11.962,1.9547,0.012503556
11.976,1.9364,0.0095869978
11.99,1.9216,0.0077120408
12.005,1.9091,0.0064350949
12.019,1.8982,0.0055257396
12.034,1.8885,0.0048547956
12.048,1.8796,0.0043450421
12.063,1.8715,0.0039485
12.077,1.8639,0.0036334482
12.092,1.8568,0.0033788081
12.107,1.85,0.0031698689
12.121,1.8436,0.0029962199
12.136,1.8373,0.0028500827
12.151,1.8313,0.0027259465
12.165,1.8255,0.0026194002
12.18,1.8199,0.0025273659
12.195,1.8143,0.0024471327
12.21,1.809,0.0023769004
12.225,1.8037,0.0023148692
12.24,1.7985,0.002259939
12.255,1.7934,0.0022110098
12.27,1.7884,0.0021672817
12.285,1.7835,0.0021279546
12.3,1.7786,0.0020926285
12.315,1.7738,0.0020607034
12.33,1.769,0.0020317794
12.346,1.7643,0.0020054682
12.361,1.7597,0.0019816464
12.376,1.7551,0.0019599255
12.392,1.7505,0.0019401178
12.407,1.746,0.0019219991
12.422,1.7415,0.0019054815
12.438,1.737,0.0018904772
12.453,1.7326,0.0018767618
12.469,1.7282,0.0018642598
12.484,1.7238,0.0018528466
12.5,1.7194,0.001842547
12.516,1.7151,0.0018331486
12.531,1.7107,0.0018246387
12.547,1.7064,0.0018170426
12.563,1.7022,0.0018101478
12.579,1.6979,0.0018041542
12.594,1.6936,0.0017987488
12.61,1.6894,0.0017940576
12.626,1.6852,0.0017899676
12.642,1.681,0.0017864788
12.658,1.6767,0.0017836913
12.674,1.6725,0.001781405
12.69,1.6684,0.0017796199
12.706,1.6642,0.0017783361
12.723,1.66,0.0017776672
12.739,1.6558,0.0017773859
12.755,1.6517,0.001777706
12.771,1.6475,0.0017784272
12.788,1.6433,0.0017795637
12.804,1.6392,0.0017811876
12.821,1.635,0.0017832268
12.837,1.6308,0.0017857533
12.853,1.6267,0.001788681
12.87,1.6225,0.0017920243
12.887,1.6184,0.0017957691
12.903,1.6142,0.0017999008
12.92,1.61,0.0018044484
12.937,1.6058,0.0018094974
12.953,1.6017,0.0018148331
12.97,1.5975,0.0018205849
12.987,1.5933,0.0018268382
13.004,1.5891,0.0018333929
13.021,1.5849,0.0018404491
13.038,1.5806,0.0018479067
13.055,1.5764,0.0018556658
13.072,1.5722,0.0018639263
13.089,1.5679,0.0018725883
13.106,1.5637,0.0018816518
13.123,1.5594,0.0018911167
13.141,1.5551,0.0019009989
13.158,1.5508,0.0019113668
13.175,1.5465,0.0019221363
13.193,1.5421,0.0019334231
13.21,1.5378,0.0019449956
13.228,1.5334,0.0019571857
13.245,1.529,0.0019697613
13.263,1.5246,0.0019828546
13.28,1.5202,0.0019963332
13.298,1.5157,0.0020103298
13.316,1.5112,0.002024928
13.333,1.5067,0.0020399113
13.351,1.5022,0.0020554128
13.369,1.4977,0.002071516
13.387,1.4931,0.0020881208
13.405,1.4885,0.0021053274
13.423,1.4839,0.0021230356
13.441,1.4792,0.0021413455
13.459,1.4745,0.0021602571
13.477,1.4698,0.0021797704
13.495,1.4651,0.0021999853
13.514,1.4603,0.0022207196
13.532,1.4555,0.0022422381
13.55,1.4507,0.0022643582
13.569,1.4458,0.002287198
13.587,1.4409,0.0023107216
13.605,1.4359,0.0023350469
13.624,1.4309,0.0023600922
13.643,1.4259,0.0023859393
13.661,1.4208,0.0024125699
13.68,1.4157,0.0024401208
13.699,1.4105,0.0024684735
13.717,1.4053,0.0024977094
13.736,1.4,0.0025279659
13.755,1.3947,0.0025591242
13.774,1.3893,0.0025911844
13.793,1.3839,0.0026244466
13.812,1.3784,0.0026586106
13.831,1.3729,0.0026939766
13.85,1.3673,0.0027305445
13.87,1.3617,0.0027682338
13.889,1.3559,0.0028071056
13.908,1.3502,0.0028473793
13.928,1.3443,0.0028888747
13.947,1.3384,0.0029318524
13.966,1.3324,0.0029762319
13.986,1.3264,0.0030221335
14.006,1.3203,0.0030696372
14.025,1.3141,0.0031188227
14.045,1.3078,0.0031696306
14.065,1.3014,0.0032222405
14.085,1.2949,0.0032768526
14.104,1.2884,0.0033332461
14.124,1.2818,0.0033917623
14.144,1.275,0.0034524807
14.164,1.2682,0.0035154012
14.184,1.2612,0.0035807238
14.205,1.2542,0.0036485698
14.225,1.247,0.0037188968
14.245,1.2398,0.0037920259
14.265,1.2324,0.0038680571
14.286,1.2249,0.0039472122
14.306,1.2172,0.0040294478
14.327,1.2094,0.0041152074
14.347,1.2015,0.0042044473
14.368,1.1935,0.0042975115
14.388,1.1853,0.0043945558
14.409,1.1769,0.0044958245
14.43,1.1683,0.0046016956
14.451,1.1596,0.0047122691
14.472,1.1508,0.0048279448
14.493,1.1417,0.0049490229
14.514,1.1324,0.0050759033
14.535,1.123,0.0052089861
14.556,1.1133,0.0053486712
14.577,1.1034,0.0054953586
14.599,1.0932,0.0056496717
14.62,1.0828,0.0058120639
14.641,1.0722,0.0059832584
14.663,1.0612,0.0061638789
14.684,1.05,0.0063546781
14.706,1.0385,0.0065566036
14.728,1.0266,0.0067704316
14.749,1.0144,0.006997238
14.771,1.0019,0.007238271
14.793,0.98895,0.0074948065
14.815,0.9756,0.0077683445
14.837,0.96181,0.0080605851
14.859,0.94756,0.0083734282
14.881,0.93281,0.0087091738
14.903,0.91752,0.0090706219
14.925,0.90166,0.0094607725
14.948,0.88518,0.0098837508
14.97,0.86802,0.010344207
14.993,0.85013,0.01084979
15.015,0.83145,0.011408351
15.038,0.81191,0.01203294
15.06,0.7914,0.012739506
15.083,0.76984,0.0135511
15.106,0.74712,0.014501697
15.129,0.72308,0.015633297
15.152,0.69757,0.0170069
15.175,0.6704,0.018706505
15.198,0.6413,0.020844112
15.221,0.60999,0.023576723
15.244,0.57606,0.027121336
15.267,0.53901,0.031796952
15.291,0.49815,0.038088597
15.314,0.45251,0.046789219
15.337,0.40076,0.059335843
15.361,0.34109,0.078669497
15.385,0.27229,0.11153015
15.408,0.20179,0.17053079
15.432,0.15422,0.25281145
15.456,0.13227,0.33345211
15.48,0.12282,0.40530278
15.504,0.11915,0.47001345
15.528,0.11853,0.52962413
15.552,0.11972,0.5855548
15.576,0.12206,0.63881548
15.601,0.12521,0.69012619
15.625,0.12892,0.74002688
15.649,0.13308,0.78893757
15.674,0.1376,0.83720828
15.699,0.14244,0.88512901
15.723,0.14759,0.9329597
15.748,0.15305,0.98094043
15.773,0.15886,1.0292912
15.798,0.16507,1.0781919
15.823,0.17174,1.1278926
15.848,0.17894,1.1785934
15.873,0.18679,1.2304941
15.898,0.19539,1.2837949
15.924,0.2049,1.3388956
15.949,0.21548,1.3957964
15.974,0.22734,1.4549972
16.0,0.24073,1.5167979
16.026,0.25595,1.5814987
16.051,0.27338,1.6494995
16.077,0.29348,1.7213003
16.103,0.31682,1.7975011
16.129,0.34416,1.8787019
16.155,0.37645,1.9656027
16.181,0.41494,2.0590035
16.207,0.46132,2.1598043
16.234,0.51781,2.2691052
16.26,0.58753,2.387906
16.287,0.67474,2.5170068
16.313,0.78548,2.6568077
16.34,0.92822,2.8065085
16.367,1.1147,2.9621094
16.393,1.3604,3.1136102
16.42,1.6825,3.2388111
16.447,2.0907,3.295512
16.474,2.565,3.2221128
16.502,3.0295,2.9683137
16.529,3.3738,2.5552146
16.556,3.536,2.0823155
16.584,3.5418,1.6484164
16.611,3.4543,1.2962173
16.639,3.3253,1.0252182
16.667,3.1845,0.81978918
16.694,3.0464,0.66330008
16.722,2.9168,0.54249101
16.75,2.7974,0.44774195
16.779,2.6882,0.37226293
16.807,2.5885,0.31127387
16.835,2.4973,0.26137482
16.863,2.4135,0.22015577
16.892,2.3363,0.18585676
16.92,2.2648,0.15715771
16.949,2.1983,0.13307871
16.978,2.1361,0.1128597
17.007,2.0778,0.095908705
17.036,2.0229,0.081734709
17.065,1.9709,0.069939715
17.094,1.9216,0.060183725
17.123,1.8746,0.052172737
17.153,1.8296,0.045648788
17.182,1.7865,0.040383807
17.212,1.7449,0.036174863
17.241,1.7048,0.032841888
17.271,1.6658,0.030228951
17.301,1.6279,0.028199017
17.331,1.591,0.026639085
17.361,1.5547,0.025453157
17.391,1.5191,0.024567232
17.422,1.484,0.023921346
17.452,1.4493,0.023473427
17.483,1.4148,0.023193546
17.513,1.3806,0.023064633
17.544,1.3463,0.023077759
17.575,1.312,0.023234887
17.606,1.2776,0.023542019
17.637,1.2429,0.024014153
17.668,1.2078,0.02467029
17.699,1.1721,0.025535431
17.73,1.1359,0.026641573
17.762,1.0988,0.028024756
17.794,1.0608,0.029731941
17.825,1.0216,0.031818093
17.857,0.9811,0.034352284
17.889,0.93898,0.037418477
17.921,0.89496,0.041129674
17.953,0.84867,0.045635873
17.986,0.79966,0.051144113
18.018,0.74735,0.057960317
18.051,0.69097,0.066550562
18.083,0.62948,0.077685772
18.116,0.56144,0.092735022
18.149,0.48494,0.11439227
18.182,0.39812,0.14851353
18.215,0.30412,0.20723479
18.248,0.22477,0.29885605
18.282,0.1786,0.40079735
18.315,0.15428,0.49424861
18.349,0.1405,0.57788992
18.382,0.13216,0.65393119
18.416,0.12694,0.7243325
18.45,0.12371,0.79053381
18.484,0.12185,0.85354513
18.519,0.12099,0.91413648
18.553,0.12091,0.9729078
18.587,0.12147,1.0302891
18.622,0.12259,1.0867905
18.657,0.12421,1.1424919
18.692,0.12631,1.1979932
18.727,0.12889,1.2532946
18.762,0.13195,1.308896
18.797,0.13551,1.3647973
18.832,0.13963,1.4213987
18.868,0.14434,1.4788001
18.904,0.14971,1.5374015
18.939,0.15583,1.5973029
18.975,0.16279,1.6589043
19.011,0.17072,1.7225058
19.048,0.17976,1.7884072
19.084,0.19012,1.8570087
19.12,0.20202,1.9288101
19.157,0.21576,2.0041116
19.194,0.2317,2.083713
19.231,0.25031,2.1682145
19.268,0.2722,2.258416
19.305,0.29818,2.3553174
19.342,0.3293,2.4601189
19.38,0.367,2.5742204
19.417,0.41328,2.6993219
19.455,0.47095,2.8375234
19.493,0.54408,2.991425
19.531,0.63873,3.1638265
19.569,0.7641,3.357728
19.608,0.93458,3.5754296
19.646,1.1729,3.8155311
19.685,1.5142,4.0658327
19.724,2.007,4.2849342
19.763,2.6889,4.3678358
19.802,3.4933,4.1375374
19.841,4.153,3.5088389
19.881,4.422,2.6999405
19.92,4.3574,1.9957421
19.96,4.1402,1.4831437
20.0,3.8851,1.1287453
20.04,3.6387,0.88246692
20.08,3.4148,0.70714853
20.121,3.2152,0.57869018
20.161,3.0375,0.48194179
20.202,2.8787,0.40725344
20.243,2.7355,0.34834509
20.284,2.6053,0.30102673
20.325,2.486,0.26242838
20.367,2.3755,0.23053007
20.408,2.2725,0.20389171
20.45,2.1756,0.1814734
20.492,2.0838,0.16249508
20.534,1.9961,0.14637677
20.576,1.9117,0.13266845
20.619,1.83,0.12105017
20.661,1.7503,0.11124185
20.704,1.6721,0.10306357
20.747,1.5947,0.096356293
20.79,1.5178,0.09101001
20.833,1.4406,0.086953725
20.877,1.3626,0.084150479
20.921,1.2832,0.08260723
20.964,1.2016,0.082384941
21.008,1.1169,0.083621689
21.053,1.028,0.086584474
21.097,0.9332,0.091768218
21.142,0.83034,0.100126
21.186,0.71589,0.11367274
21.231,0.58406,0.13736452
21.277,0.42638,0.18668633
21.322,0.25904,0.3065881
21.368,0.16694,0.47705991
21.413,0.12869,0.62328167
21.459,0.10874,0.74548348
21.505,0.096482,0.85171527
21.552,0.088195,0.94692711
21.598,0.082257,1.0341089
21.645,0.07784,1.1152107
21.692,0.074475,1.1916126
21.739,0.071877,1.2643144
21.786,0.069859,1.3339162
21.834,0.068298,1.401118
21.882,0.067105,1.4663199
21.93,0.066218,1.5299217
21.978,0.065592,1.5922236
22.026,0.065192,1.6535254
22.075,0.064992,1.7139273
22.124,0.064975,1.7738291
22.173,0.065125,1.833331
22.222,0.065432,1.8926328
22.272,0.065889,1.9518347
22.321,0.066491,2.0110366
22.371,0.067236,2.0705384
22.422,0.068123,2.1303404
22.472,0.069154,2.1907422
22.523,0.070331,2.2516441
22.573,0.07166,2.313446
22.624,0.073146,2.3760478
22.676,0.074799,2.4397498
22.727,0.076628,2.5045516
22.779,0.078646,2.5707535
22.831,0.080867,2.6385554
22.883,0.08331,2.7079573
22.936,0.085993,2.7792592
22.989,0.088942,2.8526611
23.041,0.092183,2.928463
23.095,0.095751,3.0067649
23.148,0.099684,3.0878668
23.202,0.10403,3.1721687
23.256,0.10884,3.2599706
23.31,0.11418,3.3516725
23.364,0.12012,3.4477744
23.419,0.12677,3.5486763
23.474,0.13424,3.6550782
23.529,0.14267,3.7675801
23.585,0.15224,3.8870821
23.641,0.16316,4.014584
23.697,0.17571,4.1510859
23.753,0.19026,4.2980878
23.81,0.20727,4.4572897
23.866,0.22736,4.6308916
23.923,0.25138,4.8213935
23.981,0.28048,5.0322954
24.038,0.3163,5.2678973
24.096,0.36123,5.5341992
24.155,0.41886,5.8390011
24.213,0.49482,6.193303
24.272,0.59834,6.6130049
24.331,0.74555,7.1217068
24.39,0.96671,7.7555087
24.45,1.3243,8.5717106
24.51,1.9639,9.6588125
24.57,3.2741,11.107414
24.631,6.3134,12.516416
24.691,11.29,10.590418
24.752,12.123,5.60312
24.814,10.512,3.0017219
24.876,9.0627,1.8695238
24.938,7.9649,1.3056256
25.0,7.1146,0.98897748
25.063,6.4256,0.79681935
25.126,5.8416,0.6756412
25.189,5.3246,0.59997305
25.253,4.8466,0.55756491
25.316,4.3844,0.54386672
25.381,3.9152,0.56080858
25.445,3.4115,0.6195504
25.51,2.8363,0.75230223
25.575,2.1485,1.0558441
25.641,1.4631,1.7454459
25.707,1.1315,2.7102477
25.773,1.0748,3.6927495
25.84,1.189,4.7362513
25.907,1.513,5.9609531
25.974,2.2761,7.5436549
26.042,4.3327,9.5927567
26.11,9.5721,9.6200585
26.178,11.4,4.4637602
26.247,9.8414,2.016462
26.316,8.6115,1.1341637
26.385,7.775,0.73643548
26.455,7.1779,0.52359723
26.525,6.7286,0.39564896
26.596,6.3756,0.3121807
26.667,6.089,0.25434242
26.738,5.85,0.21237412
26.81,5.6466,0.18077583
26.882,5.4705,0.15627752
26.954,5.3159,0.13680919
27.027,5.1784,0.12102087
27.1,5.0551,0.10799253
27.174,4.9434,0.097081199
27.248,4.8415,0.087820845
27.322,4.748,0.079873474
27.397,4.6616,0.072987105
27.473,4.5814,0.066964739
27.548,4.5066,0.061660333
27.624,4.4366,0.056953929
27.701,4.3708,0.052752526
27.778,4.3087,0.048983104
27.855,4.2499,0.045582662
27.933,4.1941,0.042503221
28.011,4.141,0.03970276
28.09,4.0902,0.037147298
28.169,4.0417,0.034808816
28.249,3.9951,0.032662333
28.329,3.9502,0.03068783
28.409,3.907,0.028867306
28.49,3.8652,0.027186779
28.571,3.8247,0.025632232
28.653,3.7854,0.024192682
28.736,3.7471,0.022859129
28.818,3.7097,0.021622537
28.902,3.6731,0.020476957
28.986,3.6372,0.019414356
29.07,3.6018,0.018429734
29.155,3.5669,0.017520106
29.24,3.5324,0.016680457
29.326,3.498,0.015906801
29.412,3.4637,0.015199124
29.499,3.4292,0.014553439
29.586,3.3945,0.013971733
29.674,3.3593,0.013454019
29.762,3.3233,0.013003283
29.851,3.2863,0.012624538
29.94,3.2479,0.012327771
30.03,3.2075,0.012135995
30.12,3.1645,0.012150197
30.211,3.1179,0.012769389
30.303,3.0665,0.014861572
30.395,3.0084,0.019372731
30.488,2.9405,0.026843879
30.581,2.8577,0.037911005
30.675,2.7504,0.054927119
30.769,2.5994,0.08541921
30.864,2.3584,0.15491529
30.96,1.8936,0.39255636
31.056,1.3492,1.7304474
31.153,4.0311,3.6254484
31.25,4.7346,0.65134944
31.348,4.0343,0.18279043
31.447,3.7068,0.074678415
31.546,3.513,0.037797372
31.646,3.3785,0.025147315
31.746,3.2744,0.021968235
31.847,3.187,0.022086139
31.949,3.109,0.023368029
32.051,3.0358,0.025363896
32.154,2.9639,0.028078746
32.258,2.891,0.031646582
32.362,2.8143,0.036317393
32.468,2.7312,0.042496196
32.573,2.6384,0.050838967
32.68,2.5313,0.062444729
32.787,2.403,0.079263467
32.895,2.2429,0.10507319
33.003,2.032,0.14816389
33.113,1.7329,0.23108457
33.223,1.2668,0.44326523
33.333,0.73756,1.1489659
33.445,0.66627,2.1420665
33.557,0.87809,3.2802671
33.67,1.6626,4.9204677
33.784,5.4226,6.5088683
33.898,7.2177,2.0085688
34.014,5.8648,0.68222932
34.13,5.1329,0.33551982
34.247,4.7014,0.19764031
34.364,4.4161,0.12871077
34.483,4.2113,0.089186215
34.602,4.0554,0.064374637
34.722,3.931,0.047804039
34.843,3.828,0.036258421
34.965,3.7397,0.027990783
35.088,3.6613,0.021995125
35.211,3.5893,0.017663443
35.336,3.52,0.014633744
35.461,3.4496,0.012730022
35.587,3.3723,0.012698279
35.714,3.2774,0.024120516
35.842,3.1411,0.060986731
35.971,2.876,0.17566493
36.101,2.3956,1.2301751
36.232,4.5064,0.63300525
36.364,3.9376,0.067218384
36.496,3.7142,0.014065494
36.63,3.6008,0.0083936828
36.765,3.5289,0.0063591505
36.9,3.4767,0.0052603966
37.037,3.4358,0.0045821216
37.175,3.402,0.0041226252
37.313,3.373,0.0037892076
37.453,3.3475,0.0035345684
37.594,3.3247,0.0033322077
37.736,3.304,0.0031664255
37.879,3.285,0.0030271219
38.023,3.2673,0.0029077969
38.168,3.2509,0.0028038506
38.314,3.2354,0.0027121829
38.462,3.2208,0.0026302926
38.61,3.207,0.0025566823
38.76,3.1938,0.0024897492
38.911,3.1813,0.0024285949
39.062,3.1693,0.0023723212
39.216,3.1578,0.0023203226
39.37,3.1467,0.0022720049
39.526,3.1361,0.0022268641
39.683,3.1258,0.0021847022
39.841,3.1158,0.0021451195
40.0,3.1062,0.002107716
40.161,3.0969,0.0020724892
40.323,3.0879,0.0020390417
40.486,3.0791,0.0020073738
40.65,3.0705,0.0019771855
40.816,3.0622,0.0019484739
40.984,3.0541,0.0019210389
41.152,3.0462,0.0018948871
41.322,3.0385,0.0018698121
41.494,3.0309,0.0018458137
41.667,3.0235,0.0018227956
41.841,3.0163,0.001800658
42.017,3.0092,0.0017794973
42.194,3.0023,0.0017590174
42.373,2.9955,0.0017394144
42.553,2.9888,0.0017205926
42.735,2.9822,0.0017024479
42.918,2.9757,0.0016849847
43.103,2.9693,0.0016682989
43.29,2.963,0.0016521905
43.478,2.9567,0.0016367641
43.668,2.9506,0.0016220154
43.86,2.9445,0.0016080445
44.053,2.9384,0.0015946561
44.248,2.9324,0.0015820458
44.444,2.9265,0.0015701185
44.643,2.9205,0.0015590649
44.843,2.9146,0.0015489747
45.045,2.9086,0.0015398532
45.249,2.9026,0.0015318607
45.455,2.8965,0.0015251972
45.662,2.8904,0.0015201081
45.872,2.8842,0.0015169234
46.083,2.8777,0.0015160935
46.296,2.8711,0.0015182535
46.512,2.8642,0.0015243084
46.729,2.8569,0.0015355889
46.948,2.8491,0.00155408
47.17,2.8406,0.0015828865
47.393,2.8311,0.0016270794
47.619,2.8202,0.0016951482
47.847,2.8073,0.0018031985
48.077,2.7911,0.0019829306
48.309,2.7693,0.0023057448
48.544,2.7372,0.0029612357
48.78,2.6816,0.0046035148
49.02,2.5546,0.025242566
49.261,2.0806,0.45578921
49.505,3.5587,0.18521782
49.751,3.1179,0.0089969237
50.0,3.0082,0.0041091032
50.251,2.958,0.0027055671
50.505,2.9284,0.00211291
50.761,2.9082,0.0018057379
51.02,2.8932,0.0016243454
51.282,2.8814,0.0015067827
51.546,2.8716,0.0014251561
51.813,2.8632,0.0013652601
52.083,2.8558,0.001319295
52.356,2.8493,0.0012826612
52.632,2.8433,0.0012525389
52.91,2.8378,0.0012270945
53.191,2.8327,0.0012051124
53.476,2.8279,0.0011857372
53.763,2.8234,0.001168391
54.054,2.8191,0.0011526124
54.348,2.815,0.0011381078
54.645,2.811,0.0011246274
54.945,2.8072,0.0011119917
55.249,2.8036,0.0011000454
55.556,2.8001,0.0010886945
55.866,2.7966,0.0010778397
56.18,2.7933,0.0010674155
56.497,2.7901,0.0010573581
56.818,2.7869,0.0010476322
57.143,2.7838,0.0010381783
57.471,2.7808,0.0010289726
57.803,2.7779,0.0010199999
58.14,2.775,0.0010112149
58.48,2.7722,0.0010026196
58.824,2.7694,0.00099418861
59.172,2.7667,0.00098590258
59.524,2.764,0.00097775199
59.88,2.7614,0.00096972734
60.241,2.7589,0.00096181363
60.606,2.7563,0.00095401694
60.976,2.7539,0.00094630231
61.35,2.7514,0.00093869578
61.728,2.749,0.00093117786
62.112,2.7467,0.00092372832
62.5,2.7443,0.00091635855
62.893,2.742,0.00090906374
63.291,2.7398,0.0009018445
63.694,2.7376,0.00089468145
64.103,2.7354,0.00088756996
64.516,2.7332,0.00088053113
64.935,2.7311,0.00087354515
65.359,2.729,0.00086660785
65.789,2.7269,0.00085972476
66.225,2.7249,0.00085288658
66.667,2.7229,0.00084609404
67.114,2.7209,0.0008393528
67.568,2.7189,0.0008326436
68.027,2.717,0.00082598704
68.493,2.7151,0.00081936401
68.966,2.7132,0.00081277531
69.444,2.7114,0.00080623131
69.93,2.7095,0.00079971837
70.423,2.7077,0.00079324212
70.922,2.7059,0.00078679802
71.429,2.7042,0.0007803775
71.942,2.7024,0.00077400063
72.464,2.7007,0.00076764448
72.993,2.699,0.00076131906
73.529,2.6974,0.00075502514
74.074,2.6957,0.00074875468
74.627,2.6941,0.00074251304
75.188,2.6925,0.00073629112
75.758,2.6909,0.00073010551
76.336,2.6893,0.00072393141
76.923,2.6877,0.00071778551
77.519,2.6862,0.00071166877
78.125,2.6847,0.00070556805
78.74,2.6832,0.0006994885
79.365,2.6817,0.00069342703
80.0,2.6803,0.00068739472
80.645,2.6788,0.00068137261
81.301,2.6774,0.00067537786
81.967,2.676,0.00066939544
82.645,2.6746,0.00066342882
83.333,2.6732,0.00065749669
84.034,2.6719,0.000651559
84.746,2.6705,0.00064565437
85.47,2.6692,0.00063976027
86.207,2.6679,0.00063388436
86.957,2.6666,0.00062801794
87.719,2.6654,0.00062217573
88.496,2.6641,0.00061634868
89.286,2.6629,0.00061052498
90.09,2.6616,0.00060473254
90.909,2.6604,0.00059893944
91.743,2.6592,0.0005931671
92.593,2.6581,0.0005874038
93.458,2.6569,0.00058165413
94.34,2.6558,0.00057591333
95.238,2.6546,0.00057018598
96.154,2.6535,0.0005644776
97.087,2.6524,0.00055877274
98.039,2.6513,0.00055308715
99.01,2.6502,0.00054741255
100.0,2.6492,0.00054174061
101.01,2.6481,0.00053608024
102.04,2.6471,0.00053043316
103.09,2.6461,0.00052480106
104.17,2.6451,0.00051915974
105.26,2.6441,0.00051356286
106.38,2.6431,0.00050795078
107.53,2.6421,0.00050233636
108.7,2.6412,0.00049674632
109.89,2.6402,0.00049117201
111.11,2.6393,0.00048560166
112.36,2.6384,0.00048003785
113.64,2.6375,0.00047447306
114.94,2.6366,0.00046893144
116.28,2.6357,0.00046338145
117.65,2.6348,0.00045784751
119.05,2.634,0.00045232181
120.48,2.6331,0.00044680642
121.95,2.6323,0.00044129383
123.46,2.6315,0.00043577724
125.0,2.6307,0.00043028841
126.58,2.6299,0.0004248008
128.21,2.6291,0.00041929945
129.87,2.6283,0.00041382321
131.58,2.6276,0.00040834946
133.33,2.6268,0.00040288853
135.14,2.6261,0.00039741043
136.99,2.6254,0.00039195142
138.89,2.6247,0.00038650821
140.85,2.624,0.00038104895
142.86,2.6233,0.00037561245
144.93,2.6226,0.00037017732
147.06,2.6219,0.00036474738
149.25,2.6213,0.00035931627
151.52,2.6206,0.00035388126
153.85,2.62,0.00034846326
156.25,2.6194,0.00034305297
158.73,2.6187,0.00033764229
161.29,2.6181,0.000332236
163.93,2.6176,0.0003268386
166.67,2.617,0.00032143244
169.49,2.6164,0.00031603479
172.41,2.6158,0.00031064879
175.44,2.6153,0.00030524994
178.57,2.6148,0.00029986391
181.82,2.6142,0.00029447689
185.19,2.6137,0.0002890952
188.68,2.6132,0.00028372475
192.31,2.6127,0.00027834439
196.08,2.6122,0.00027297103
200.0,2.6117,0.00026760341
204.08,2.6113,0.00026223093
208.33,2.6108,0.00025687366
212.77,2.6104,0.00025150538
217.39,2.6099,0.00024614425
222.22,2.6095,0.00024078545
227.27,2.6091,0.00023542783
232.56,2.6087,0.00023006878
238.1,2.6083,0.00022471248
243.9,2.6079,0.00021936429
250.0,2.6075,0.0002140116
256.41,2.6071,0.00020866107
263.16,2.6068,0.00020331113
270.27,2.6064,0.00019796421
277.78,2.6061,0.00019261709
285.71,2.6058,0.00018727352
294.12,2.6054,0.00018192587
303.03,2.6051,0.00017658276
312.5,2.6048,0.00017123869
322.58,2.6045,0.00016589508
333.33,2.6042,0.00016055324
344.83,2.604,0.00015520929
357.14,2.6037,0.0001498686
370.37,2.6035,0.00014452627
384.62,2.6032,0.00013918289
400.0,2.603,0.00013384202
416.67,2.6028,0.00012849904
434.78,2.6025,0.00012315825
454.55,2.6023,0.00011781384
476.19,2.6021,0.00011247197
500.0,2.6019,0.00010712793
526.32,2.6018,0.00010178317
555.56,2.6016,9.6437685e-05
588.24,2.6014,9.1091992e-05
625.0,2.6013,8.5746549e-05
666.67,2.6011,8.0398305e-05
714.29,2.601,7.5049193e-05
769.23,2.6009,6.9699386e-05
833.33,2.6008,6.4348379e-05
909.09,2.6007,5.8996181e-05
1000.0,2.6006,5.3642148e-05
